[{"image":"img/MROWKA.jpg","title":"MRÓWKA"}, {"image":"img/ROZA.jpg","title":"RÓŻA"}, {"image":"img/KOGUT.jpg","title":"KOGUT"}, {"image":"img/KROL.jpg","title":"KRÓL"},{"image":"img/KOMPUTER.jpg","title":"KOMPUTER"},{"image":"img/OKRUSZKI.jpg","title":"OKRUSZKI"},{"image":"img/GORY.jpg","title":"GÓRY"},{"image":"img/KRAKOW.jpg","title":"KRAKÓW"},{"image":"img/HULAJNOGA.jpg","title":"HULAJNOGA"},{"image":"img/KRUK.jpg","title":"KRUK"}, {"image":"img/MUCHA.jpg","title":"MUCHA"}, {"image":"img/ABAZUR.jpg","title":"ABAŻUR"}, {"image":"img/BEZCHMURNE.jpg","title":"BEZCHMURNE"}, {"image":"img/DACHOWKA.jpg","title":"DACHÓWKA"}, {"image":"img/MURARZ.jpg","title":"MURARZ"}]